{
    "metrics/precision(B)": 0.7220517079020714,
    "metrics/recall(B)": 0.07941747572815534,
    "metrics/mAP50(B)": 0.10302297867889129,
    "metrics/mAP50-95(B)": 0.05026258864501039,
    "fitness": 0.05553862764839848
}